---
foursquare_checkins_people: |+
  data: {"current":0,"id":"foursquare_checkins_people","updatedAt":1455719340}

forecast: |+
  data: {"current_temp":"4&deg;","current_icon":"clear-day","current_desc":"Clear","next_icon":"","next_desc":"No data","later_icon":"rain","later_desc":"Light rain starting tomorrow morning.","id":"forecast","updatedAt":1455718741}

open-tech-calendar: |+
  data: {"headlines":[{"title":"Code Craft: What Does Testing Mean in 2016?, Thu 18 Feb","description":"Thu 18 Feb 2016 07:00pm to Thu 18 Feb 2016 09:00pm"},{"title":"Docker Glasgow: Episode #2. Workshop, Thu 11 Feb","description":"Thu 11 Feb 2016 07:00pm to Thu 11 Feb 2016 09:00pm"},{"title":"GlasgowPHP: Unleashing frameworks, Tue 9 Feb","description":"Tue 9 Feb 2016 06:30pm to Tue 9 Feb 2016 09:00pm"},{"title":"Python Glasgow: Python Talks, Tue 9 Feb","description":"Tue 9 Feb 2016 06:30pm to Tue 9 Feb 2016 09:00pm"},{"title":"ScotRUG: Glasgow Ruby Group, Thu 4 Feb","description":"Thu 4 Feb 2016 06:30pm to Thu 4 Feb 2016 09:00pm"},{"title":"UX Glasgow, Wed 3 Feb","description":"Wed 3 Feb 2016 06:00pm to Wed 3 Feb 2016 09:00pm"},{"title":"RookieOven Glasgow Meetup, Mon 1 Feb","description":"Mon 1 Feb 2016 06:30pm to Mon 1 Feb 2016 10:30pm"},{"title":"Quack \u0026 Hack - Glasgow: Global Quack \u0026 Hack II - Glasgow, Sat 30 Jan","description":"Sat 30 Jan 2016 10:00am to Sat 30 Jan 2016 04:00pm"},{"title":"GlasgowCSS: Glasgow-based CSS User Group, Thu 28 Jan","description":"Thu 28 Jan 2016 06:00pm to Thu 28 Jan 2016 09:00pm"},{"title":"ScotlandIS: API Economy Meetup, Thu 28 Jan","description":"Thu 28 Jan 2016 04:30pm to Thu 28 Jan 2016 07:00pm"},{"title":"TechMeetup Glasgow, Wed 27 Jan","description":"Wed 27 Jan 2016 06:30pm to Wed 27 Jan 2016 09:00pm"},{"title":"Code Craft: Lean Coffee, Thu 21 Jan","description":"Thu 21 Jan 2016 07:00pm to Thu 21 Jan 2016 09:00pm"},{"title":"GlasgowPHP: Offline-first web development, Tue 19 Jan","description":"Tue 19 Jan 2016 06:30pm to Tue 19 Jan 2016 09:00pm"},{"title":"Scottish Developers: .NET Rocks comes to Glasgow, Mon 18 Jan","description":"Mon 18 Jan 2016 06:30pm to Mon 18 Jan 2016 09:30pm"},{"title":"Python Glasgow: Pub Meetup, Tue 12 Jan","description":"Tue 12 Jan 2016 06:30pm to Tue 12 Jan 2016 11:30pm"},{"title":"ScotRUG: Glasgow Ruby Group, Thu 7 Jan","description":"Thu 7 Jan 2016 06:30pm to Thu 7 Jan 2016 09:00pm"},{"title":"UX Glasgow, Wed 6 Jan","description":"Wed 6 Jan 2016 06:00pm to Wed 6 Jan 2016 09:00pm"},{"title":"RookieOven Glasgow Meetup: RookieOven, Mon 4 Jan","description":"Mon 4 Jan 2016 06:30pm to Mon 4 Jan 2016 10:31pm"},{"title":"Glasgow Tech Christmas Party, Tue 22 Dec","description":"Tue 22 Dec 2015 07:00pm to Tue 22 Dec 2015 10:30pm"},{"title":"How will you be remembered in 200 years? It is Ada Lovelace’s birthday in December; and as you may have guessed, she would be 200 years old. To celebrate - and because we all remember Ada as the very first programmer - BCSWomen Scotland and BCS Glasgow , Tue 15 Dec","description":"Tue 15 Dec 2015 06:00pm to Tue 15 Dec 2015 08:00pm"},{"title":"Glasgow Raspberry Pi day, Sat 12 Dec","description":"Sat 12 Dec 2015 10:00am to Sat 12 Dec 2015 04:00pm"},{"title":"RookieOven Glasgow Meetup: RookieOven, Mon 7 Dec","description":"Mon 7 Dec 2015 06:30pm to Mon 7 Dec 2015 10:31pm"},{"title":"ScotRUG: Glasgow Ruby Group, Thu 3 Dec","description":"Thu 3 Dec 2015 06:30pm to Thu 3 Dec 2015 09:00pm"},{"title":"UX Glasgow, Wed 2 Dec","description":"Wed 2 Dec 2015 06:00pm to Wed 2 Dec 2015 09:00pm"},{"title":"GlasgowCSS: Glasgow-based CSS User Group, Thu 26 Nov","description":"Thu 26 Nov 2015 06:00pm to Thu 26 Nov 2015 09:00pm"},{"title":"TechMeetup Glasgow, Wed 25 Nov","description":"Wed 25 Nov 2015 06:30pm to Wed 25 Nov 2015 09:00pm"},{"title":"Scottish Developers: React.JS, Wed 25 Nov","description":"Wed 25 Nov 2015 06:30pm to Wed 25 Nov 2015 08:30pm"},{"title":"Open Knowledge Scotland: Open Data Glasgow Meet-Up #7, Tue 24 Nov","description":"Tue 24 Nov 2015 06:00pm to Tue 24 Nov 2015 08:00pm"},{"title":"GlasgowPHP: Using VueJS in front of Drupal 8, Tue 17 Nov","description":"Tue 17 Nov 2015 06:30pm to Tue 17 Nov 2015 09:00pm"},{"title":"Coderetreat Glasgow: Global Day of Coderetreat 2015 - Glasgow, Sat 14 Nov","description":"Sat 14 Nov 2015 09:00am to Sat 14 Nov 2015 05:00pm"},{"title":"ScotRUG: Glasgow Ruby Group Meetup, Thu 5 Nov","description":"Thu 5 Nov 2015 07:00pm to Thu 5 Nov 2015 09:00pm"},{"title":"UX Glasgow, Wed 4 Nov","description":"Wed 4 Nov 2015 06:00pm to Wed 4 Nov 2015 09:00pm"},{"title":"GlasgowJS - The Glasgow JavaScript User Group: Start Dockerizing, Tue 3 Nov","description":"Tue 3 Nov 2015 06:30pm to Tue 3 Nov 2015 08:30pm"},{"title":"RookieOven Glasgow Meetup: RookieOven, Mon 2 Nov","description":"Mon 2 Nov 2015 06:30pm to Mon 2 Nov 2015 10:31pm"},{"title":"GlasgowCSS: Glasgow-based CSS User Group, Thu 29 Oct","description":"Thu 29 Oct 2015 06:00pm to Thu 29 Oct 2015 09:00pm"},{"title":"TechMeetup Glasgow, Wed 28 Oct","description":"Wed 28 Oct 2015 06:30pm to Wed 28 Oct 2015 09:00pm"},{"title":"Innovation in Urban Spaces Contest Glasgow Briefing Event, Thu 22 Oct","description":"Thu 22 Oct 2015 10:30am to Thu 22 Oct 2015 01:30pm"},{"title":"GlasgowPHP: Ethical engineering, Tue 20 Oct","description":"Tue 20 Oct 2015 06:30pm to Tue 20 Oct 2015 09:00pm"},{"title":"Code Craft - Legacy Code, Thu 15 Oct","description":"Thu 15 Oct 2015 07:00pm to Thu 15 Oct 2015 09:00pm"},{"title":"UX Glasgow, Thu 8 Oct","description":"Thu 8 Oct 2015 06:00pm to Thu 8 Oct 2015 09:00pm"},{"title":"GlasgowJS - The Glasgow JavaScript User Group: GlasgowJS, Tue 6 Oct","description":"Tue 6 Oct 2015 06:30pm to Tue 6 Oct 2015 08:30pm"},{"title":"RookieOven Glasgow Meetup: RookieOven, Mon 5 Oct","description":"Mon 5 Oct 2015 06:30pm to Mon 5 Oct 2015 10:31pm"},{"title":"The Enigma Coding Machine - and BCS Glasgow AGM, open to both BCS members and members of the public, Mon 5 Oct","description":"Mon 5 Oct 2015 06:00pm to Mon 5 Oct 2015 08:00pm"},{"title":"Code Craft, Thu 17 Sep","description":"Thu 17 Sep 2015 07:00pm to Thu 17 Sep 2015 09:00pm"},{"title":"GlasgowPHP: Aspect oriented programming, Tue 15 Sep","description":"Tue 15 Sep 2015 06:30pm to Tue 15 Sep 2015 09:00pm"},{"title":"Open Knowledge Scotland: Next Open Data Glasgow Meet-Up, Tue 15 Sep","description":"Tue 15 Sep 2015 06:00pm to Tue 15 Sep 2015 08:00pm"},{"title":"Code Craft: CodeCraftConf 2015, Fri 11 Sep","description":"Fri 11 Sep 2015 08:45am to Fri 11 Sep 2015 05:15pm"},{"title":"RookieOven Glasgow Meetup: RookieOven, Mon 7 Sep","description":"Mon 7 Sep 2015 06:30pm to Mon 7 Sep 2015 10:31pm"},{"title":"Association for Medical Education in Europe (AMEE): Hackathon, Fri 4 Sep","description":"Fri 4 Sep 2015 04:00pm to Sun 6 Sep 2015 07:30pm"},{"title":"360D - Global insight for the digital community, Thu 3 Sep","description":"Thu 3 Sep 2015 09:00am to Thu 3 Sep 2015 06:00pm"},{"title":"UX Glasgow, Wed 2 Sep","description":"Wed 2 Sep 2015 06:00pm to Wed 2 Sep 2015 09:00pm"},{"title":"Code Craft, Thu 20 Aug","description":"Thu 20 Aug 2015 07:00pm to Thu 20 Aug 2015 09:00pm"},{"title":"BCSWomen Scotland: Constructing your career in technologoy, Thu 20 Aug","description":"Thu 20 Aug 2015 05:30pm to Thu 20 Aug 2015 08:30pm"},{"title":"TechnologyUG - the IT Pro Community: Technology.UG - Glasgow IT Pro User Group Community, Thu 20 Aug","description":"Thu 20 Aug 2015 09:00am to Thu 20 Aug 2015 04:30pm"},{"title":"UX Glasgow, Tue 4 Aug","description":"Tue 4 Aug 2015 06:00pm to Tue 4 Aug 2015 09:00pm"},{"title":"RookieOven Glasgow Meetup: RookieOven, Mon 3 Aug","description":"Mon 3 Aug 2015 06:30pm to Mon 3 Aug 2015 10:31pm"},{"title":"Code Craft: Lean Coffee, Thu 16 Jul","description":"Thu 16 Jul 2015 07:00pm to Thu 16 Jul 2015 09:00pm"},{"title":"UX Glasgow, Tue 7 Jul","description":"Tue 7 Jul 2015 06:00pm to Tue 7 Jul 2015 09:00pm"},{"title":"RookieOven Glasgow Meetup: RookieOven, Mon 6 Jul","description":"Mon 6 Jul 2015 06:30pm to Mon 6 Jul 2015 10:31pm"},{"title":"CoFounders Lab Scotland: Find like-minded Co-Founders, Advisers and Investors in Glasgow, Tue 23 Jun","description":"Tue 23 Jun 2015 04:00pm to Tue 23 Jun 2015 07:30pm"},{"title":"Code Craft: Rest, APIs, and The Future, Thu 18 Jun","description":"Thu 18 Jun 2015 07:00pm to Thu 18 Jun 2015 09:00pm"},{"title":"ScotWiki: Glasgow Wikimeet #6, Thu 18 Jun","description":"Thu 18 Jun 2015 06:30pm to Thu 18 Jun 2015 08:30pm"},{"title":"ScotlandIS Digital Technology Awards 2015, Thu 18 Jun","description":"Thu 18 Jun 2015 06:00pm to Thu 18 Jun 2015 11:00pm"},{"title":"#CodePenGlasgow, Wed 17 Jun","description":"Wed 17 Jun 2015 06:00pm to Wed 17 Jun 2015 09:00pm"},{"title":"Python Glasgow: Coding Dojo, Tue 9 Jun","description":"Tue 9 Jun 2015 05:30pm to Tue 9 Jun 2015 08:30pm"},{"title":"BCS Glasgow: The Origins and Development of Computer Graphics, Mon 8 Jun","description":"Mon 8 Jun 2015 06:30pm to Mon 8 Jun 2015 08:00pm"},{"title":"Apple WWDC Live Stream in Glasgow, Mon 8 Jun","description":"Mon 8 Jun 2015 05:00pm to Mon 8 Jun 2015 09:00pm"},{"title":"UX Glasgow, Tue 2 Jun","description":"Tue 2 Jun 2015 06:00pm to Tue 2 Jun 2015 09:00pm"},{"title":"RookieOven Glasgow Meetup: RookieOven, Mon 1 Jun","description":"Mon 1 Jun 2015 06:30pm to Mon 1 Jun 2015 10:31pm"},{"title":"App Ecosystems - Get the Insight with Amazon Appstore, Thu 28 May","description":"Thu 28 May 2015 06:30pm to Thu 28 May 2015 09:30pm"},{"title":"Code Craft: Introduction to Datomic, Thu 21 May","description":"Thu 21 May 2015 07:00pm to Thu 21 May 2015 09:00pm"},{"title":"UX Glasgow, Tue 12 May","description":"Tue 12 May 2015 06:00pm to Tue 12 May 2015 09:00pm"},{"title":"Python Glasgow: Python Talks, Tue 12 May","description":"Tue 12 May 2015 05:30pm to Tue 12 May 2015 08:30pm"},{"title":"BCS Glasgow: IT in Genealogy - IT's a Family Thing, Mon 11 May","description":"Mon 11 May 2015 06:00pm to Mon 11 May 2015 08:00pm"},{"title":"Workshop on: Smartphone and Smarthome Design for Older Adults, Thu 7 May","description":"Thu 7 May 2015 04:00pm to Thu 7 May 2015 06:00pm"},{"title":"Growth Glasgow: How a side-project turned into a cult app success, Wed 6 May","description":"Wed 6 May 2015 06:30am to Wed 6 May 2015 08:30am"},{"title":"GlasgowJS - The Glasgow JavaScript User Group: GlasgowJS, Tue 5 May","description":"Tue 5 May 2015 06:30pm to Tue 5 May 2015 09:00pm"},{"title":"RookieOven Glasgow Meetup: RookieOven, Mon 4 May","description":"Mon 4 May 2015 06:30pm to Mon 4 May 2015 10:31pm"},{"title":"Monthly GlasgowPHP Meetup, Tue 21 Apr","description":"Tue 21 Apr 2015 06:30pm to Tue 21 Apr 2015 08:45pm"},{"title":"Code Craft, Thu 16 Apr","description":"Thu 16 Apr 2015 07:00pm to Thu 16 Apr 2015 09:00pm"},{"title":"Refresh Glasgow - Pub Meet, Wed 15 Apr","description":"Wed 15 Apr 2015 06:30pm to Wed 15 Apr 2015 11:00pm"},{"title":"Python Glasgow: Pub Meetup, Tue 14 Apr","description":"Tue 14 Apr 2015 05:30pm to Tue 14 Apr 2015 09:30pm"},{"title":"Glasgow International Space Apps Challenge, Sat 11 Apr","description":"Sat 11 Apr 2015 10:00am to Sun 12 Apr 2015 06:00pm"},{"title":"Edinburgh Android User Group (EdiAUG): EdiAUG April 2015 meet-up (Glasgow edition), Wed 8 Apr","description":"Wed 8 Apr 2015 06:30pm to Wed 8 Apr 2015 09:00pm"},{"title":"Mobile Apps Group Meetup Glasgow, Wed 8 Apr","description":"Wed 8 Apr 2015 06:00pm to Wed 8 Apr 2015 09:00pm"},{"title":"GlasgowJS - The Glasgow JavaScript User Group: GlasgowJS, Tue 7 Apr","description":"Tue 7 Apr 2015 06:30pm to Tue 7 Apr 2015 09:00pm"},{"title":"UX Glasgow, Tue 7 Apr","description":"Tue 7 Apr 2015 06:00pm to Tue 7 Apr 2015 09:00pm"},{"title":"RookieOven Glasgow Meetup: RookieOven, Mon 6 Apr","description":"Mon 6 Apr 2015 06:30pm to Mon 6 Apr 2015 10:31pm"},{"title":"TechMeetup Glasgow, Wed 25 Mar","description":"Wed 25 Mar 2015 06:30pm to Wed 25 Mar 2015 09:00pm"},{"title":"TechMeetup Glasgow: Informatics Ventures: iV Tuesday Live Stream on Entrepreneurship, Tue 24 Mar","description":"Tue 24 Mar 2015 06:00pm to Tue 24 Mar 2015 08:30pm"},{"title":"Informatics Ventures: iVTuesday, Mon 23 Mar","description":"Mon 23 Mar 2015 06:00pm to Mon 23 Mar 2015 08:30pm"},{"title":"Code Craft, Thu 19 Mar","description":"Thu 19 Mar 2015 07:00pm to Thu 19 Mar 2015 09:00pm"},{"title":"Refresh Glasgow - Pub Meet, Wed 18 Mar","description":"Wed 18 Mar 2015 06:30pm to Wed 18 Mar 2015 11:00pm"},{"title":"Scottish Bitcoin Meetup: Glasgow Bitcoin Meetup, Tue 17 Mar","description":"Tue 17 Mar 2015 06:30pm to Tue 17 Mar 2015 08:30pm"},{"title":"Monthly GlasgowPHP Meetup, Tue 17 Mar","description":"Tue 17 Mar 2015 06:30pm to Tue 17 Mar 2015 08:45pm"},{"title":"Scottish Developers: Your Agile is Dead, Mon 16 Mar","description":"Mon 16 Mar 2015 07:00pm to Mon 16 Mar 2015 09:00pm"},{"title":"Python Glasgow: Coding Dojo, Tue 10 Mar","description":"Tue 10 Mar 2015 06:30pm to Tue 10 Mar 2015 09:30pm"},{"title":"Mobile Apps Group Meetup #2, Tue 10 Mar","description":"Tue 10 Mar 2015 06:00pm to Tue 10 Mar 2015 08:30pm"},{"title":"JBUG Scotland: Rule the World – Practical Rules \u0026 BPM Development, Thu 5 Mar","description":"Thu 5 Mar 2015 05:15pm to Thu 5 Mar 2015 07:30pm"},{"title":"GlasgowJS - The Glasgow JavaScript User Group: GlasgowJS, Tue 3 Mar","description":"Tue 3 Mar 2015 06:30pm to Tue 3 Mar 2015 09:00pm"},{"title":"UX Glasgow, Tue 3 Mar","description":"Tue 3 Mar 2015 06:00pm to Tue 3 Mar 2015 09:00pm"},{"title":"RookieOven Glasgow Meetup: RookieOven, Mon 2 Mar","description":"Mon 2 Mar 2015 06:30pm to Mon 2 Mar 2015 10:31pm"},{"title":"TechnologyUG - the IT Pro Community: Technology.UG - Glasgow, Thu 26 Feb","description":"Thu 26 Feb 2015 09:00am to Thu 26 Feb 2015 04:30pm"},{"title":"TechMeetup Glasgow, Wed 25 Feb","description":"Wed 25 Feb 2015 06:30pm to Wed 25 Feb 2015 09:00pm"},{"title":"Refresh Glasgow - Pub Meet, Wed 18 Feb","description":"Wed 18 Feb 2015 06:30pm to Wed 18 Feb 2015 11:00pm"},{"title":"Open Street Map Scotland: OpenStreetMap Glasgow Social meetup, Tue 17 Feb","description":"Tue 17 Feb 2015 07:00pm to Tue 17 Feb 2015 10:04pm"},{"title":"Python Glasgow: Python Talks, Tue 10 Feb","description":"Tue 10 Feb 2015 06:30pm to Tue 10 Feb 2015 09:30pm"},{"title":"Mobile Apps Group Meetup, Wed 4 Feb","description":"Wed 4 Feb 2015 06:00pm to Wed 4 Feb 2015 09:00pm"},{"title":"GlasgowJS - The Glasgow JavaScript User Group: GlasgowJS, Tue 3 Feb","description":"Tue 3 Feb 2015 06:30pm to Tue 3 Feb 2015 09:00pm"},{"title":"UX Glasgow, Tue 3 Feb","description":"Tue 3 Feb 2015 06:00pm to Tue 3 Feb 2015 09:00pm"},{"title":"Glasgow Technology Network - Placeholder, Tue 3 Feb","description":"Tue 3 Feb 2015 05:30pm to Tue 3 Feb 2015 08:30pm"},{"title":"RookieOven Glasgow Meetup: RookieOven Meetup, Mon 2 Feb","description":"Mon 2 Feb 2015 06:30pm to Mon 2 Feb 2015 10:00pm"},{"title":"TechMeetup Glasgow, Wed 28 Jan","description":"Wed 28 Jan 2015 06:30pm to Wed 28 Jan 2015 09:00pm"},{"title":"Refresh Glasgow - Pub Meet, Wed 21 Jan","description":"Wed 21 Jan 2015 06:30pm to Wed 21 Jan 2015 11:00pm"},{"title":"Python Glasgow: Pub Meetup, Tue 13 Jan","description":"Tue 13 Jan 2015 06:30pm to Tue 13 Jan 2015 10:30pm"},{"title":"UX Glasgow, Tue 6 Jan","description":"Tue 6 Jan 2015 06:00pm to Tue 6 Jan 2015 09:00pm"},{"title":"Glasgow Technology Network - Placeholder, Tue 6 Jan","description":"Tue 6 Jan 2015 05:30pm to Tue 6 Jan 2015 08:30pm"},{"title":"RookieOven Glasgow Meetup: RookieOven Meetup, Mon 5 Jan","description":"Mon 5 Jan 2015 06:30pm to Mon 5 Jan 2015 10:00pm"},{"title":"Glasgow Christmas Party, Thu 11 Dec","description":"Thu 11 Dec 2014 07:00pm to Thu 11 Dec 2014 10:30pm"},{"title":"Design informatics: #include3, Tue 9 Dec","description":"Tue 9 Dec 2014 06:30pm to Tue 9 Dec 2014 08:30pm"},{"title":"Python Glasgow: Coding Dojo, Tue 9 Dec","description":"Tue 9 Dec 2014 06:30pm to Tue 9 Dec 2014 09:30pm"},{"title":"GlasgowJS - The Glasgow JavaScript User Group: GlasgowJS, Tue 2 Dec","description":"Tue 2 Dec 2014 06:30pm to Tue 2 Dec 2014 09:00pm"},{"title":"UX Glasgow, Tue 2 Dec","description":"Tue 2 Dec 2014 06:00pm to Tue 2 Dec 2014 09:00pm"},{"title":"Glasgow Technology Network: Test Driven Development (TDD) in Java using JUnit, Tue 2 Dec","description":"Tue 2 Dec 2014 05:30pm to Tue 2 Dec 2014 08:30pm"},{"title":"RookieOven Glasgow Meetup: RookieOven Meetup, Mon 1 Dec","description":"Mon 1 Dec 2014 06:30pm to Mon 1 Dec 2014 10:00pm"},{"title":"STV Tech Talks, Thu 27 Nov","description":"Thu 27 Nov 2014 06:30pm to Thu 27 Nov 2014 09:30pm"},{"title":"TechMeetup Glasgow, Wed 26 Nov","description":"Wed 26 Nov 2014 06:30pm to Wed 26 Nov 2014 09:00pm"},{"title":"Refresh Glasgow - Pub Meet, Wed 19 Nov","description":"Wed 19 Nov 2014 06:30pm to Wed 19 Nov 2014 11:00pm"},{"title":"Lean Agile Glasgow - Lean Coffee, Wed 12 Nov","description":"Wed 12 Nov 2014 07:00pm to Wed 12 Nov 2014 10:00pm"},{"title":"Python Glasgow: Pub Meetup, Tue 11 Nov","description":"Tue 11 Nov 2014 06:30pm to Tue 11 Nov 2014 10:30pm"},{"title":"GlasgowJS - The Glasgow JavaScript User Group: GlasgowJS, Tue 4 Nov","description":"Tue 4 Nov 2014 06:30pm to Tue 4 Nov 2014 09:00pm"},{"title":"UX Glasgow, Tue 4 Nov","description":"Tue 4 Nov 2014 06:00pm to Tue 4 Nov 2014 09:00pm"},{"title":"Glasgow Technology Network - Placeholder, Tue 4 Nov","description":"Tue 4 Nov 2014 05:30pm to Tue 4 Nov 2014 08:30pm"},{"title":"RookieOven Glasgow Meetup: RookieOven Meetup, Mon 3 Nov","description":"Mon 3 Nov 2014 06:30pm to Mon 3 Nov 2014 10:00pm"},{"title":"Edinburgh Bitcoin Meetup: Glasgow Bitcoin Meetup #1, Wed 29 Oct","description":"Wed 29 Oct 2014 06:30pm to Wed 29 Oct 2014 10:00pm"},{"title":"ISTC West of Scotland: Technical communicators' meeting, Tue 28 Oct","description":"Tue 28 Oct 2014 07:30pm to Tue 28 Oct 2014 09:30pm"},{"title":"TechMeetup Glasgow, Wed 22 Oct","description":"Wed 22 Oct 2014 06:30pm to Wed 22 Oct 2014 09:00pm"},{"title":"Code Craft, Thu 16 Oct","description":"Thu 16 Oct 2014 07:00pm to Thu 16 Oct 2014 09:00pm"},{"title":"Monthly GlasgowPHP Meetup, Wed 15 Oct","description":"Wed 15 Oct 2014 06:30pm to Wed 15 Oct 2014 09:00pm"},{"title":"Tech Jobs Scotland - Glasgow Event, Wed 15 Oct","description":"Wed 15 Oct 2014 12:00pm to Wed 15 Oct 2014 07:00pm"},{"title":"Python Glasgow: Coding Dojo, Tue 14 Oct","description":"Tue 14 Oct 2014 05:30pm to Tue 14 Oct 2014 08:30pm"},{"title":"BCS Glasgow AGM 2014 \u0026 Pinkification or Feminising?, Mon 13 Oct","description":"Mon 13 Oct 2014 06:00pm to Mon 13 Oct 2014 09:00pm"},{"title":"Legal and IP Issues for App Developers, Thu 9 Oct","description":"Thu 9 Oct 2014 02:00pm to Thu 9 Oct 2014 04:00pm"},{"title":"UX Glasgow, Tue 7 Oct","description":"Tue 7 Oct 2014 06:00pm to Tue 7 Oct 2014 09:00pm"},{"title":"Glasgow Technology Network - Placeholder, Tue 7 Oct","description":"Tue 7 Oct 2014 05:30pm to Tue 7 Oct 2014 08:30pm"},{"title":"RookieOven Glasgow Meetup: RookieOven Meetup, Mon 6 Oct","description":"Mon 6 Oct 2014 06:30pm to Mon 6 Oct 2014 10:00pm"},{"title":"Open Rights Group Glasgow: LibDem conference - Surveillance: how do we reform RIPA\u0026protect civil liberty?, Sun 5 Oct","description":"Sun 5 Oct 2014 06:15pm to Sun 5 Oct 2014 07:30pm"},{"title":"Dead Coders Society, Tue 30 Sep","description":"Tue 30 Sep 2014 01:00pm to Tue 30 Sep 2014 02:00pm"},{"title":"Microsoft / Unity3D Porting Day, Sat 27 Sep","description":"Sat 27 Sep 2014 09:00am to Sat 27 Sep 2014 06:30pm"},{"title":"Open for Business:  Harnessing the Power of Social Media Streams, Thu 25 Sep","description":"Thu 25 Sep 2014 01:00pm to Thu 25 Sep 2014 06:00pm"},{"title":"TechMeetup Glasgow, Wed 24 Sep","description":"Wed 24 Sep 2014 06:30pm to Wed 24 Sep 2014 09:00pm"},{"title":"CANCELLED - LIVE STREAM - IV Tuesday, Tue 23 Sep","description":"Tue 23 Sep 2014 06:41pm to Tue 23 Sep 2014 08:30pm"},{"title":"CGI and Open Invention Network - open source complianace and patents, Tue 23 Sep","description":"Tue 23 Sep 2014 01:30pm to Tue 23 Sep 2014 07:00pm"},{"title":"Good For Nothing Glasgow: Help Out Hair Raisers!!, Thu 11 Sep","description":"Thu 11 Sep 2014 06:30pm to Thu 11 Sep 2014 10:00pm"},{"title":"Securing Funding \u0026 Angel Investment Opportunities for your Tech Business, Thu 11 Sep","description":"Thu 11 Sep 2014 09:30am to Thu 11 Sep 2014 12:30pm"},{"title":"Monthly GlasgowPHP Meetup, Wed 10 Sep","description":"Wed 10 Sep 2014 06:30pm to Wed 10 Sep 2014 09:00pm"},{"title":"Apple Keynote Live Stream, Tue 9 Sep","description":"Tue 9 Sep 2014 05:30pm to Tue 9 Sep 2014 07:30pm"},{"title":"Liferay Talk, Thu 4 Sep","description":"Thu 4 Sep 2014 06:00pm to Thu 4 Sep 2014 09:00pm"},{"title":"UX Glasgow, Tue 2 Sep","description":"Tue 2 Sep 2014 06:00pm to Tue 2 Sep 2014 09:00pm"},{"title":"Glasgow Technology Network - Placeholder, Tue 2 Sep","description":"Tue 2 Sep 2014 05:30pm to Tue 2 Sep 2014 08:30pm"},{"title":"RookieOven Glasgow Meetup: RookieOven Meetup, Mon 1 Sep","description":"Mon 1 Sep 2014 06:30pm to Mon 1 Sep 2014 10:00pm"},{"title":"The Whisky Bond Summer Party, Sat 30 Aug","description":"Sat 30 Aug 2014 02:00pm to Sat 30 Aug 2014 11:59pm"},{"title":"Find your Story and Find your Funding: North American Fundraising Workshop Day 3, Fri 29 Aug","description":"Fri 29 Aug 2014 10:00am to Fri 29 Aug 2014 05:00pm"},{"title":"Scottish Linux User Group: Monthly Meeting, Thu 28 Aug","description":"Thu 28 Aug 2014 07:30pm to Thu 28 Aug 2014 10:00pm"},{"title":"TechMeetup Glasgow, Wed 27 Aug","description":"Wed 27 Aug 2014 06:30pm to Wed 27 Aug 2014 09:00pm"},{"title":"Find your Story and Find your Funding: North American Fundraising Workshop, Wed 27 Aug","description":"Wed 27 Aug 2014 10:00am to Wed 27 Aug 2014 05:00pm"},{"title":"Code Craft: Deployment Show \u0026 Tell, Thu 21 Aug","description":"Thu 21 Aug 2014 07:00pm to Thu 21 Aug 2014 09:00pm"},{"title":"MAKLab Workshops Glasgow: Setting Up Files for Laser Cutting, Tue 19 Aug","description":"Tue 19 Aug 2014 06:00pm to Tue 19 Aug 2014 08:00pm"},{"title":"MAKLab Workshops Glasgow: Laser Cut your own Jewellery, Sat 16 Aug","description":"Sat 16 Aug 2014 11:00am to Sat 16 Aug 2014 03:00pm"},{"title":"Converge Conference: Converge 2014, Fri 15 Aug","description":"Fri 15 Aug 2014 09:00am to Sat 16 Aug 2014 06:00pm"},{"title":"Monthly GlasgowPHP Meetup, Wed 13 Aug","description":"Wed 13 Aug 2014 06:30pm to Wed 13 Aug 2014 09:00pm"},{"title":"Scottish Developers: AngularJS with Shawn Wildermuth, Wed 6 Aug","description":"Wed 6 Aug 2014 06:30pm to Wed 6 Aug 2014 09:00pm"},{"title":"UX Glasgow, Tue 5 Aug","description":"Tue 5 Aug 2014 06:00pm to Tue 5 Aug 2014 09:00pm"},{"title":"RookieOven Glasgow Meetup: RookieOven Meetup, Mon 4 Aug","description":"Mon 4 Aug 2014 06:30pm to Mon 4 Aug 2014 10:00pm"},{"title":"Scottish Linux User Group: Monthly Meeting, Thu 31 Jul","description":"Thu 31 Jul 2014 07:30pm to Thu 31 Jul 2014 10:00pm"},{"title":"Scottish Developers: Modern Web Diagnostics with a Glimpse into ASP.NET, Thu 31 Jul","description":"Thu 31 Jul 2014 06:30pm to Thu 31 Jul 2014 09:00pm"},{"title":"MAKLab Workshops Glasgow: Rhino Basics for Jewellery, Tue 29 Jul","description":"Tue 29 Jul 2014 06:00pm to Tue 29 Jul 2014 09:00pm"},{"title":"TechMeetup Glasgow [Cancelled], Wed 23 Jul","description":"Wed 23 Jul 2014 06:30pm to Wed 23 Jul 2014 09:00pm"},{"title":"Code Craft, Thu 17 Jul","description":"Thu 17 Jul 2014 07:00pm to Thu 17 Jul 2014 09:00pm"},{"title":"Refresh Glasgow - Pub Meet, Wed 16 Jul","description":"Wed 16 Jul 2014 06:30pm to Wed 16 Jul 2014 11:00pm"},{"title":"MAKLab Workshops Glasgow: Have a Go with Arduino, Tue 15 Jul","description":"Tue 15 Jul 2014 06:00pm to Tue 15 Jul 2014 08:00pm"},{"title":"ThougtWorks Quarterly Technology Briefing: Big Data in Glasgow, Thu 10 Jul","description":"Thu 10 Jul 2014 06:30pm to Thu 10 Jul 2014 09:30pm"},{"title":"Lean Agile Glasgow - Lean Coffee, Wed 9 Jul","description":"Wed 9 Jul 2014 07:00pm to Wed 9 Jul 2014 10:00pm"},{"title":"UX Glasgow, Tue 8 Jul","description":"Tue 8 Jul 2014 06:00pm to Tue 8 Jul 2014 09:00pm"},{"title":"RookieOven Glasgow Meetup: RookieOven Meetup, Mon 7 Jul","description":"Mon 7 Jul 2014 06:30pm to Mon 7 Jul 2014 10:00pm"},{"title":"Glasgow Clojurians, Thu 3 Jul","description":"Thu 3 Jul 2014 07:00pm to Thu 3 Jul 2014 09:00pm"},{"title":"Scottish Linux User Group: Monthly Meeting, Thu 26 Jun","description":"Thu 26 Jun 2014 07:30pm to Thu 26 Jun 2014 10:00pm"},{"title":"TechMeetup Glasgow, Wed 25 Jun","description":"Wed 25 Jun 2014 06:30pm to Wed 25 Jun 2014 09:00pm"},{"title":"Dead Coders Society, Tue 24 Jun","description":"Tue 24 Jun 2014 01:00pm to Tue 24 Jun 2014 02:00pm"},{"title":"Refresh Glasgow - Pub Meet, Wed 18 Jun","description":"Wed 18 Jun 2014 06:30pm to Wed 18 Jun 2014 11:00pm"},{"title":"Lean Agile Glasgow - Lean Coffee, Wed 11 Jun","description":"Wed 11 Jun 2014 07:00pm to Wed 11 Jun 2014 10:00pm"},{"title":"BCS Glasgow: Interactive Lectures Using Smartphones, Mon 9 Jun","description":"Mon 9 Jun 2014 06:00pm to Mon 9 Jun 2014 09:30pm"},{"title":"ISTC West of Scotland technical communicators' meeting, Tue 3 Jun","description":"Tue 3 Jun 2014 07:30pm to Tue 3 Jun 2014 09:30pm"},{"title":"RookieOven Glasgow Meetup: RookieOven Meetup, Mon 2 Jun","description":"Mon 2 Jun 2014 06:30pm to Mon 2 Jun 2014 10:00pm"},{"title":"Hackathons from Future City Glasgow: Hack Glasgow Hackathon, Fri 30 May","description":"Fri 30 May 2014 06:00pm to Sun 1 Jun 2014 06:00pm"},{"title":"Scottish Linux User Group: Monthly Meeting, Thu 29 May","description":"Thu 29 May 2014 07:30pm to Thu 29 May 2014 10:00pm"},{"title":"D14 - Inspiring Digital Business, Thu 29 May","description":"Thu 29 May 2014 05:30pm to Fri 30 May 2014 04:45pm"},{"title":"TechMeetup Glasgow, Wed 28 May","description":"Wed 28 May 2014 06:30pm to Wed 28 May 2014 09:00pm"},{"title":"Refresh Glasgow - Pub Meet, Wed 21 May","description":"Wed 21 May 2014 06:30pm to Wed 21 May 2014 11:00pm"},{"title":"Open Street Map Scotland: OpenStreetMap Social meetup, Tue 20 May","description":"Tue 20 May 2014 07:00pm to Tue 20 May 2014 10:04pm"},{"title":"Code Craft, Thu 15 May","description":"Thu 15 May 2014 07:00pm to Thu 15 May 2014 09:00pm"},{"title":"Lean Agile Glasgow - Lean Coffee, Wed 14 May","description":"Wed 14 May 2014 07:00pm to Wed 14 May 2014 10:00pm"},{"title":"UX Glasgow, Tue 13 May","description":"Tue 13 May 2014 06:00pm to Tue 13 May 2014 09:00pm"},{"title":"BCS Glasgow: Joint event with BCS Animation and Games sub group and BCS Glasgow Topic: 3D Visualisation for Medicine, Heritage and Entertainment, Mon 12 May","description":"Mon 12 May 2014 06:00pm to Mon 12 May 2014 09:30pm"},{"title":"RookieOven Glasgow Meetup: RookieOven Meetup, Mon 5 May","description":"Mon 5 May 2014 06:30pm to Mon 5 May 2014 10:00pm"},{"title":"Scottish Developers: So long, and thanks for all the tests, Thu 1 May","description":"Thu 1 May 2014 06:30pm to Thu 1 May 2014 08:30pm"},{"title":"UX Glasgow: UX Book Club Glasgow, Tue 29 Apr","description":"Tue 29 Apr 2014 06:00pm to Tue 29 Apr 2014 08:00pm"},{"title":"Distinguished Lecture with Bjarne Stroustrup, inventor of C++, Tue 29 Apr","description":"Tue 29 Apr 2014 05:30pm to Tue 29 Apr 2014 09:30pm"},{"title":"Hackathons from Future City Glasgow: Hackathon, Fri 25 Apr","description":"Fri 25 Apr 2014 06:00pm to Sun 27 Apr 2014 06:00pm"},{"title":"Scottish Linux User Group: Monthly Meeting, Thu 24 Apr","description":"Thu 24 Apr 2014 07:30pm to Thu 24 Apr 2014 10:00pm"},{"title":"TechMeetup Glasgow, Wed 23 Apr","description":"Wed 23 Apr 2014 06:30pm to Wed 23 Apr 2014 09:00pm"},{"title":"BCS Glasgow: Green ICT, Mon 14 Apr","description":"Mon 14 Apr 2014 06:00pm to Mon 14 Apr 2014 09:00pm"},{"title":"Lean Agile Glasgow - Lean Coffee, Wed 9 Apr","description":"Wed 9 Apr 2014 07:00pm to Wed 9 Apr 2014 10:00pm"},{"title":"RookieOven Glasgow Meetup: RookieOven Meetup, Mon 7 Apr","description":"Mon 7 Apr 2014 06:30pm to Mon 7 Apr 2014 10:00pm"},{"title":"ScotRug Glasgow, Thu 3 Apr","description":"Thu 3 Apr 2014 06:30pm to Thu 3 Apr 2014 09:00pm"},{"title":"Open Knowledge Scotland: OKF Glasgow  Meet-up #4, Mon 31 Mar","description":"Mon 31 Mar 2014 05:30pm to Mon 31 Mar 2014 08:30pm"},{"title":"MAKLab Workshops Glasgow: Make your own Tablet/Phone Case, Sat 29 Mar","description":"Sat 29 Mar 2014 11:00am to Sat 29 Mar 2014 03:30pm"},{"title":"Unity3D Porting Day, Sat 29 Mar","description":"Sat 29 Mar 2014 09:00am to Sat 29 Mar 2014 06:00pm"},{"title":"Scottish Linux User Group: Monthly Meeting, Thu 27 Mar","description":"Thu 27 Mar 2014 07:30pm to Thu 27 Mar 2014 10:00pm"},{"title":"MAKLab Workshops Glasgow: Learn to Program with Python, Thu 27 Mar","description":"Thu 27 Mar 2014 06:00pm to Thu 27 Mar 2014 08:00pm"},{"title":"TechMeetup Glasgow, Wed 26 Mar","description":"Wed 26 Mar 2014 06:30pm to Wed 26 Mar 2014 09:00pm"},{"title":"UX Glasgow: UX Book Club Glasgow, Tue 25 Mar","description":"Tue 25 Mar 2014 06:00pm to Tue 25 Mar 2014 09:00pm"},{"title":"MAKLab Workshops Glasgow: Laying out Artwork for Laser Cutting, Tue 25 Mar","description":"Tue 25 Mar 2014 06:00pm to Tue 25 Mar 2014 08:00pm"},{"title":"Hackathons from Future City Glasgow: Hackathon, Fri 21 Mar","description":"Fri 21 Mar 2014 06:00pm to Sun 23 Mar 2014 06:00pm"},{"title":"MAKLab Workshops Glasgow: Have a Go with Arduino, Thu 20 Mar","description":"Thu 20 Mar 2014 06:00pm to Thu 20 Mar 2014 08:00pm"},{"title":"Refresh Glasgow - Pub Meet, Wed 19 Mar","description":"Wed 19 Mar 2014 06:30pm to Wed 19 Mar 2014 11:00pm"},{"title":"MAKLab Workshops Glasgow: Thermochromic Dyes Printing, Tue 18 Mar","description":"Tue 18 Mar 2014 06:00pm to Tue 18 Mar 2014 08:00pm"},{"title":"MAKLab Workshops Glasgow: Jewellery CAD Workshop, Mon 17 Mar","description":"Mon 17 Mar 2014 06:00pm to Mon 17 Mar 2014 09:00pm"},{"title":"MAKLab Workshops Glasgow: Make your own Vinyl Decals, Sat 15 Mar","description":"Sat 15 Mar 2014 11:00am to Sat 15 Mar 2014 03:30pm"},{"title":"Practical Intellectual Property Management with Scintilla IP, Fri 14 Mar","description":"Fri 14 Mar 2014 08:30am to Fri 14 Mar 2014 10:30am"},{"title":"OWASP - Scotland: OWASP Scotland West - Introductory meeting, Thu 13 Mar","description":"Thu 13 Mar 2014 07:00pm to Thu 13 Mar 2014 09:00pm"},{"title":"MAKLab Workshops Glasgow: Set Up your Raspberry Pi, Thu 13 Mar","description":"Thu 13 Mar 2014 06:00pm to Thu 13 Mar 2014 08:00pm"},{"title":"Lean Agile Glasgow - Lean Coffee, Wed 12 Mar","description":"Wed 12 Mar 2014 07:00pm to Wed 12 Mar 2014 10:00pm"},{"title":"Python Glasgow: Coding Dojo, Tue 11 Mar","description":"Tue 11 Mar 2014 06:30pm to Tue 11 Mar 2014 09:30pm"},{"title":"SIE: IV Mobile Meetup Glasgow #3, Tue 11 Mar","description":"Tue 11 Mar 2014 06:00pm to Tue 11 Mar 2014 09:00pm"},{"title":"BCS Glasgow: Control Software Development for Motion Stabilised Gangway (Turbine Access System)., Mon 10 Mar","description":"Mon 10 Mar 2014 06:00pm to Mon 10 Mar 2014 09:00pm"},{"title":"MAKLab Workshops Glasgow: Laser Cut your own Clock, Sat 8 Mar","description":"Sat 8 Mar 2014 11:00am to Sat 8 Mar 2014 03:30pm"},{"title":"National Hack The Government Glasgow, Sat 8 Mar","description":"Sat 8 Mar 2014 09:44am to Sun 9 Mar 2014 06:30pm"},{"title":"ScotRUG Glasgow, Thu 6 Mar","description":"Thu 6 Mar 2014 06:30pm to Thu 6 Mar 2014 09:00pm"},{"title":"Glasgow Mobile .NET Developers Group: Cross-Platform Mobile Development with C#, Thu 6 Mar","description":"Thu 6 Mar 2014 06:00pm to Thu 6 Mar 2014 08:30pm"},{"title":"MAKLab Workshops Glasgow: Have a Go at Resin Casting, Thu 6 Mar","description":"Thu 6 Mar 2014 06:00pm to Thu 6 Mar 2014 08:00pm"},{"title":"MAKLab Workshops Glasgow: Get Started with Rhino, Tue 4 Mar","description":"Tue 4 Mar 2014 06:00pm to Tue 4 Mar 2014 08:00pm"},{"title":"RookieOven Glasgow Meetup, Mon 3 Mar","description":"Mon 3 Mar 2014 06:30pm to Mon 3 Mar 2014 09:00pm"},{"title":"Scottish Linux User Group: Monthly Meeting, Thu 27 Feb","description":"Thu 27 Feb 2014 07:30pm to Thu 27 Feb 2014 10:00pm"},{"title":"Winning Bids and Tenders Seminar with Anne Farr of The Rothera Group., Thu 27 Feb","description":"Thu 27 Feb 2014 09:00am to Thu 27 Feb 2014 11:00am"},{"title":"TechMeetup Glasgow, Wed 26 Feb","description":"Wed 26 Feb 2014 06:30pm to Wed 26 Feb 2014 09:00pm"},{"title":"ISTC West of Scotland technical communicators' meeting, Tue 25 Feb","description":"Tue 25 Feb 2014 07:30pm to Tue 25 Feb 2014 09:00pm"},{"title":"UX Glasgow: UX Book Club Glasgow, Tue 25 Feb","description":"Tue 25 Feb 2014 06:00pm to Tue 25 Feb 2014 09:00pm"},{"title":"Hackathons from Future City Glasgow: FUTURE HACK No. 1: PUBLIC SAFETY, Fri 21 Feb","description":"Fri 21 Feb 2014 06:00pm to Sun 23 Feb 2014 09:00pm"},{"title":"MAKLab Workshops Glasgow: Photography Post-Processing, Thu 20 Feb","description":"Thu 20 Feb 2014 06:00pm to Thu 20 Feb 2014 08:00pm"},{"title":"Refresh Glasgow - Pub Meet, Wed 19 Feb","description":"Wed 19 Feb 2014 06:30pm to Wed 19 Feb 2014 11:00pm"},{"title":"ThoughtWorks' Technology Radar, Tue 18 Feb","description":"Tue 18 Feb 2014 06:30pm to Tue 18 Feb 2014 09:30pm"},{"title":"Ecommerce Scotland Awards, Thu 13 Feb","description":"Thu 13 Feb 2014 07:00pm to Thu 13 Feb 2014 11:59pm"},{"title":"MAKLab Workshops Glasgow: DIY Product Photography, Thu 13 Feb","description":"Thu 13 Feb 2014 06:00pm to Thu 13 Feb 2014 08:00pm"},{"title":"Ecommerce Scotland Forum, Thu 13 Feb","description":"Thu 13 Feb 2014 09:00am to Thu 13 Feb 2014 04:30pm"},{"title":"Lean Agile Glasgow - Lean Coffee, Wed 12 Feb","description":"Wed 12 Feb 2014 07:00pm to Wed 12 Feb 2014 10:00pm"},{"title":"Python Glasgow: Pub Meetup, Tue 11 Feb","description":"Tue 11 Feb 2014 06:30pm to Tue 11 Feb 2014 10:30pm"},{"title":"MAKLab Workshops Glasgow: Arduino Project Surgery, Tue 11 Feb","description":"Tue 11 Feb 2014 06:00pm to Tue 11 Feb 2014 08:00pm"},{"title":"SIE: IV Mobile Apps Meetup Glasgow #2, Tue 11 Feb","description":"Tue 11 Feb 2014 06:00pm to Tue 11 Feb 2014 09:00pm"},{"title":"BCS Glasgow: When 3 worlds collide, Mon 10 Feb","description":"Mon 10 Feb 2014 06:00pm to Mon 10 Feb 2014 09:00pm"},{"title":"MAKLab Workshops Glasgow: Have a Go at Laser Cutting, Thu 6 Feb","description":"Thu 6 Feb 2014 06:00pm to Thu 6 Feb 2014 08:00pm"},{"title":"ScotRUG, Wed 5 Feb","description":"Wed 5 Feb 2014 06:30pm to Wed 5 Feb 2014 09:00pm"},{"title":"Code Craft: Seven Languages in Seven Weeks, The First Three, Tue 4 Feb","description":"Tue 4 Feb 2014 07:00pm to Tue 4 Feb 2014 09:30pm"},{"title":"GlasgowJS - The Glasgow JavaScript User Group: February Meetup, Tue 4 Feb","description":"Tue 4 Feb 2014 06:30pm to Tue 4 Feb 2014 09:00pm"},{"title":"RookieOven Glasgow Meetup: RookieOven Meetup, Mon 3 Feb","description":"Mon 3 Feb 2014 06:30pm to Mon 3 Feb 2014 10:00pm"},{"title":"Open Knowledge Scotland: Open Knowledge Foundation Scotland: OKFN Glasgow Meetup #3, Mon 3 Feb","description":"Mon 3 Feb 2014 06:00pm to Mon 3 Feb 2014 09:00pm"},{"title":"Informatics Ventures - iVTue with Jamie Graves, CEO of Zone Fox, Tue 28 Jan","description":"Tue 28 Jan 2014 05:45pm to Tue 28 Jan 2014 08:30pm"},{"title":"TechMeetup Glasgow, Thu 23 Jan","description":"Thu 23 Jan 2014 06:30pm to Thu 23 Jan 2014 09:00pm"},{"title":"Skills2020 Come for the Debate stay for the Networking, Tue 21 Jan","description":"Tue 21 Jan 2014 04:00pm to Tue 21 Jan 2014 08:00pm"},{"title":"An Introduction to Life at ThoughtWorks, Sat 18 Jan","description":"Sat 18 Jan 2014 12:00pm to Sat 18 Jan 2014 02:00pm"},{"title":"ThoughtWorks - Java Developer Bootcamp, Sat 18 Jan","description":"Sat 18 Jan 2014 10:00am to Sun 19 Jan 2014 05:00pm"},{"title":"Refresh Glasgow - Pub Meet, Wed 15 Jan","description":"Wed 15 Jan 2014 06:30pm to Wed 15 Jan 2014 11:00pm"},{"title":"BCS Glasgow: Big Data \u0026 Analytics: Your concise guide, Mon 13 Jan","description":"Mon 13 Jan 2014 06:00pm to Mon 13 Jan 2014 09:00pm"},{"title":"RookieOven Glasgow Meetup: RookieOven Meetup, Mon 6 Jan","description":"Mon 6 Jan 2014 06:30pm to Mon 6 Jan 2014 10:00pm"},{"title":"Global Day of Code Retreat Glasgow, Sat 14 Dec","description":"Sat 14 Dec 2013 08:30am to Sat 14 Dec 2013 05:30pm"},{"title":"A Very Special, Lean Agile Glasgow Christmas, Wed 11 Dec","description":"Wed 11 Dec 2013 06:30pm to Wed 11 Dec 2013 09:30pm"},{"title":"Python Glasgow: Pub Meetup in Blackfriars, Tue 10 Dec","description":"Tue 10 Dec 2013 06:30pm to Tue 10 Dec 2013 07:30pm"},{"title":"Cleanweb Scotland: December Meetup, Mon 9 Dec","description":"Mon 9 Dec 2013 06:15pm to Mon 9 Dec 2013 09:15pm"},{"title":"BCS Glasgow: Climatic Research Unit Data Leak and the Implications for Software Engineering for Computational Science, Mon 9 Dec","description":"Mon 9 Dec 2013 06:00pm to Mon 9 Dec 2013 09:00pm"},{"title":"SIE: IV Mobile Apps Group Meetup Glasgow, Mon 9 Dec","description":"Mon 9 Dec 2013 05:30pm to Mon 9 Dec 2013 08:00pm"},{"title":"GlasgowJS - The Glasgow JavaScript User Group: December Meetup, Tue 3 Dec","description":"Tue 3 Dec 2013 06:30pm to Tue 3 Dec 2013 09:00pm"},{"title":"RookieOven Glasgow Meetup: RookieOven Meetup, Mon 2 Dec","description":"Mon 2 Dec 2013 06:30pm to Mon 2 Dec 2013 10:00pm"},{"title":"UX Glasgow: UX BookClub November - Lean UX, Tue 26 Nov","description":"Tue 26 Nov 2013 06:00pm to Tue 26 Nov 2013 09:00pm"},{"title":"Refresh Glasgow - Pub Meet, Wed 20 Nov","description":"Wed 20 Nov 2013 06:30pm to Wed 20 Nov 2013 11:00pm"},{"title":"GlasgowJS - The Glasgow JavaScript User Group: November Meetup, Tue 5 Nov","description":"Tue 5 Nov 2013 06:30pm to Tue 5 Nov 2013 09:00pm"},{"title":"RookieOven Glasgow Meetup: RookieOven Meetup, Mon 4 Nov","description":"Mon 4 Nov 2013 06:30pm to Mon 4 Nov 2013 10:00pm"},{"title":"UX Glasgow: Relaunch of the UX Book Club, Tue 22 Oct","description":"Tue 22 Oct 2013 06:00pm to Tue 22 Oct 2013 09:00pm"},{"title":"Refresh Glasgow - Pub Meet, Wed 16 Oct","description":"Wed 16 Oct 2013 06:30pm to Wed 16 Oct 2013 11:00pm"},{"title":"RookieOven Glasgow Meetup: RookieOven Meetup, Mon 7 Oct","description":"Mon 7 Oct 2013 06:30pm to Mon 7 Oct 2013 10:00pm"},{"title":"GlasgowJS - The Glasgow JavaScript User Group: October Meetup, Tue 1 Oct","description":"Tue 1 Oct 2013 06:30pm to Tue 1 Oct 2013 09:00pm"},{"title":"Refresh Glasgow - Pub Meet, Wed 18 Sep","description":"Wed 18 Sep 2013 06:30pm to Wed 18 Sep 2013 11:00pm"},{"title":"GlasgowJS - The Glasgow JavaScript User Group: September Meetup, Tue 3 Sep","description":"Tue 3 Sep 2013 06:30pm to Tue 3 Sep 2013 09:00pm"},{"title":"RookieOven Glasgow Meetup: RookieOven Meetup, Mon 2 Sep","description":"Mon 2 Sep 2013 06:30pm to Mon 2 Sep 2013 10:00pm"},{"title":"Refresh Glasgow - Pub Meet, Wed 21 Aug","description":"Wed 21 Aug 2013 06:30pm to Wed 21 Aug 2013 11:00pm"},{"title":"UX Glasgow: UX Book Club January - User Experience Team of One, Mon 14 Jan","description":"Mon 14 Jan 2013 06:00pm to Mon 14 Jan 2013 09:00pm"}],"id":"open-tech-calendar","updatedAt":1455718743}

twitter_user_tweets: |+
  data: {"current":"6,227","id":"twitter_user_tweets","updatedAt":1455718743}

twitter_user_followers: |+
  data: {"current":"2,206","id":"twitter_user_followers","updatedAt":1455718743}

twitter_user_following: |+
  data: {"current":"1,733","id":"twitter_user_following","updatedAt":1455718743}

my-trello-board: |+
  data: {"items":[{"label":"Events/Upcoming","value":9},{"label":"Someday","value":8},{"label":"Backlog","value":3},{"label":"To Do","value":13},{"label":"In Progress","value":0},{"label":"Done","value":1}],"id":"my-trello-board","updatedAt":1455719344}

albumart: |+
  data: {"image":"http://192.168.100.16:1400/getaa?s=1\u0026u=x-sonos-http%3asong%253a499343854.mp4%3fsid%3d204%26flags%3d8224%26sn%3d1","id":"albumart","updatedAt":1455719501}

nowplaying: |+
  data: {"text":"Kasabian - Processed Beats","moreinfo":"Office","id":"nowplaying","updatedAt":1455719501}

